Workbook

Sheet Dataset Summary
A1: dsID | B1: 데이터셋 설명 | C1: 데이터 갯수(count) | D1: label
A2: ds_0101 | B2: 인플루엔자 의사환자 비율 | C2: 63 | D2: 0세,1-6세,7-12세,13-18세,19-49세,50-64세,65세 이상,연도,주차
A3: ds_0102 | B3: 인플루엔자 유행단계 | C3: 14 | D3: 주차,﻿연도,유행기준,유행단계,인플루엔자 의사환자 분율
A4: ds_0103 | B4: 급성호흡기감염증 환자 중 인플루엔자 환자 수(ARI) | C4: 16 | D4: 주차,연령대,﻿연도,입원환자 수
A5: ds_0104 | B5: 중증급성호흡기감염증 환자 중 인플루엔자 환자 수(SARI) | C5: 15 | D5: 주차,연령대,﻿연도,입원환자 수
A6: ds_0105 | B6: 의원급 의료기관 인플루엔자 검출률(K-RISS)-아형별 | C6: 16 | D6: 아형,주차,﻿연도,인플루엔자 검출률
A7: ds_0106 | B7: 의원급 의료기관 인플루엔자 검출률(K-RISS)-연령대별 | C7: 16 | D7: 주차,연령대,﻿연도,인플루엔자 검출률
A8: ds_0107 | B8: 검사기관 인플루엔자 검출률-아형별 | C8: 15 | D8: 아형,주차,﻿연도,인플루엔자 검출률
A9: ds_0108 | B9: 검사기관 인플루엔자 검출률-연령대별 | C9: 18 | D9: 주차,연령대,﻿연도,인플루엔자 검출률,응급실 인플루엔자 환자
A10: ds_0109 | B10: 응급실 인플루엔자 환자 수(NEDIS) | C10: 14 | D10: 주차,연령대,﻿연도,응급실 인플루엔자 환자
A11: ds_0110 | B11: 인플루엔자 예방접종률-어르신 | C11: 10 | D11: 연도,주차,연령대,예방접종률
A12: ds_0111 | B12: 인플루엔자 예방접종률-어린이 | C12: 9 | D12: 연도,주차,연령대,예방접종률
A13: ds_0201 | B13: 의료통계정보-지역별 종별 의료인력 | C13: 779 | D13: 약사계,조산사,﻿시도,물리치료사,사회복지사,의사 / 인턴,작업치료사,의사 / 의사계,의사 / 일반의,의사 / 전문의,의사 / 레지던트,한의사 / 한의사계,치과의사 / 치과인턴,치과의사 / 치과의사계,치과의사 / 치과일반의,치과의사 / 치과전문의,한의사 / 한의사일반의,한의사 / 한의사전문의,치과의사 / 치과레지턴트,한의사 / 한의사일반수련의,한의사 / 한의사전문수련의,인력코드상위 / 요양기관종별
A14: ds_0202 | B14: 질병 세분류(4단 상병) 통계-성별/연령별 | C14: 822 | D14: 항목,성별구분,연령구분5세,환자수,내원일수,청구건수,요양급여비용총액,보험자부담금
A15: ds_0301 | B15: 성별 및 연령별 인구와 인구밀도 | C15: 1588
A16: ds_0401 | B16: 전국 지역별 인구밀도 | C16: 3 | D16: adm_cd,adm_nm,avg_age,corp_cnt,imga_cnt,tot_house,tot_ppltn,imga_ppltn,nongga_cnt,tot_family,ppltn_dnsty,employee_cnt,haesuoga_cnt,naesuoga_cnt,nongga_ppltn,juv_suprt_per,aged_child_idx,haesuoga_ppltn,naesuoga_ppltn,avg_fmember_cnt,oldage_suprt_per,[
A17: ds_0501 | B17: 전국 응급의료기관 실시간 현황 정보 | C17: 7472 | D17: hv2,hv3,hv5,hv6,hv7,hv9,hpid,hv10,hv11,hv13,hv14,hv15,hv16,hv17,hv18,hv19,hv21,hv22,hv23,hv24,hv25,hv26,hv27,hv28,hv29,hv30,hv31,hv32,hv33,hv34,hv35,hv36,hv37,hv38,hv39,hv40,hv41,hv42,hv43,hv60,hv61,hvcc,hvec,hvgc,hvoc,rnum,hvccc,hvicc,hvncc,hvs01,hvs02,hvs03,hvs04,hvs05,hvs06,hvs07,hvs08,hvs09,hvs10,hvs11,hvs12,hvs14,hvs15,hvs16,hvs17,hvs18,hvs19,hvs20,hvs21,hvs22,hvs23,hvs24,hvs25,hvs26,hvs27,hvs28,hvs29,hvs30,hvs31,hvs32,hvs33,hvs34,hvs35,hvs36,hvs37,hvs38,hvs46,hvs47,hvs48,hvs49,hvs50,hvs51,hvs52,hvs53,hvs54,hvs55,hvs56,hvs57,hvs58,hvs59,hvs60,hvs61,phpid,hvamyn,hvctayn,hvidate,dutyTel3,hvmriayn,hvoxyayn,hvcrrtayn,hvecmoayn,hvhypoayn,hvincuayn,hvangioayn,hvventiayn,﻿dutyName,hvventisoayn
A18: ds_0502 | B18: 감염성질환(인플루엔자) 의료이용정보 | C18: 4
A19: ds_0503 | B19: 대기오염 통계 | C19: 2322 | D19: coFlag,o3Flag,coGrade,coValue,no2Flag,o3Grade,o3Value,so2Flag,dataTime,no2Grade,no2Value,pm10Flag,sidoName,so2Value,khaiGrade,khaiValue,pm10Grade,pm10Value,stationName,﻿so2Grade
A20: ds_0504 | B20: 국경일/공휴일 정보 | C20: 13 | D20: seq,locdate,dateName,isHoliday,﻿dateKind
A21: ds_0505 | B21: 지점별 종관기상관측(ASOS) 시간자료 | C21: 105 | D21: hm,pa,ps,pv,rn,ss,ta,td,ts,vs,wd,ws,dsnw,icsr,rnum,lcsCh,m01Te,m02Te,m03Te,stnId,stnNm,﻿tm,m005Te,dc10Tca,hmQcflg,hr3Fhsc,paQcflg,psQcflg,rnQcflg,ssQcflg,taQcflg,tsQcflg,wdQcflg,wsQcflg,gndSttCd,clfmAbbrCd,dc10LmcsCa,dmstMtphNo
A22: ds_0506 | B22: 의약품사용정보 | C22: 5 | D22: diagYm,sgguCd,recuClCd,sgguCdNm,sidoCdNm,insupTpCd,totUseQty,msupUseAmt,atcStep3CdNm,﻿atcStep3Cd
A23: ds_0507 | B23: 인플루엔자 시군구별 국가예방접종 현황 | C23: 1608 | D23: 시군구명,﻿시도명,2016-2017절기 어린이 남성 인구수,2016-2017절기 어린이 남성 접종률,2016-2017절기 어린이 여성 인구수,2016-2017절기 어린이 여성 접종률,2016-2017절기 어린이 전체 인구수,2016-2017절기 어린이 전체 접종률,2017-2018절기 어린이 남성 인구수,2017-2018절기 어린이 남성 접종률,2017-2018절기 어린이 여성 인구수,2017-2018절기 어린이 여성 접종률,2017-2018절기 어린이 전체 인구수,2017-2018절기 어린이 전체 접종률,2018-2019절기 어린이 남성 인구수,2018-2019절기 어린이 남성 접종률,2018-2019절기 어린이 여성 인구수,2018-2019절기 어린이 여성 접종률,2018-2019절기 어린이 전체 인구수,2018-2019절기 어린이 전체 접종률,2019-2020절기 어린이 남성 인구수,2019-2020절기 어린이 남성 접종률,2019-2020절기 어린이 여성 인구수,2019-2020절기 어린이 여성 접종률,2019-2020절기 어린이 전체 인구수,2019-2020절기 어린이 전체 접종률,2020-2021절기 어린이 남성 인구수,2020-2021절기 어린이 남성 접종률,2020-2021절기 어린이 여성 인구수,2020-2021절기 어린이 여성 접종률,2020-2021절기 어린이 전체 인구수,2020-2021절기 어린이 전체 접종률,2021-2022절기 어린이 남성 인구수,2021-2022절기 어린이 남성 접종률,2021-2022절기 어린이 여성 인구수,2021-2022절기 어린이 여성 접종률,2021-2022절기 어린이 전체 인구수,2021-2022절기 어린이 전체 접종률,2022-2023절기 어린이 남성 인구수,2022-2023절기 어린이 남성 접종률,2022-2023절기 어린이 여성 인구수,2022-2023절기 어린이 여성 접종률,2022-2023절기 어린이 전체 인구수,2022-2023절기 어린이 전체 접종률,2023-2024절기 어린이 남성 인구수,2023-2024절기 어린이 남성 접종률,2023-2024절기 어린이 여성 인구수,2023-2024절기 어린이 여성 접종률,2023-2024절기 어린이 전체 인구수,2023-2024절기 어린이 전체 접종률,2015-2016절기 65세 이상 남성 인구수,2015-2016절기 65세 이상 남성 접종률,2015-2016절기 65세 이상 여성 인구수,2015-2016절기 65세 이상 여성 접종률,2015-2016절기 65세 이상 전체 인구수,2015-2016절기 65세 이상 전체 접종률,2016-2017절기 65세 이상 남성 인구수,2016-2017절기 65세 이상 남성 접종률,2016-2017절기 65세 이상 여성 인구수,2016-2017절기 65세 이상 여성 접종률,2016-2017절기 65세 이상 전체 인구수,2016-2017절기 65세 이상 전체 접종률,2017-2018절기 65세 이상 남성 인구수,2017-2018절기 65세 이상 남성 접종률,2017-2018절기 65세 이상 여성 인구수,2017-2018절기 65세 이상 여성 접종률,2017-2018절기 65세 이상 전체 인구수,2017-2018절기 65세 이상 전체 접종률,2018-2019절기 65세 이상 남성 인구수,2018-2019절기 65세 이상 남성 접종률,2018-2019절기 65세 이상 여성 인구수,2018-2019절기 65세 이상 여성 접종률,2018-2019절기 65세 이상 전체 인구수,2018-2019절기 65세 이상 전체 접종률,2019-2020절기 65세 이상 남성 인구수,2019-2020절기 65세 이상 남성 접종률,2019-2020절기 65세 이상 여성 인구수,2019-2020절기 65세 이상 여성 접종률,2019-2020절기 65세 이상 전체 인구수,2019-2020절기 65세 이상 전체 접종률,2020-2021절기 65세 이상 남성 인구수,2020-2021절기 65세 이상 남성 접종률,2020-2021절기 65세 이상 여성 인구수,2020-2021절기 65세 이상 여성 접종률,2020-2021절기 65세 이상 전체 인구수,2020-2021절기 65세 이상 전체 접종률,2021-2022절기 65세 이상 남성 인구수,2021-2022절기 65세 이상 남성 접종률,2021-2022절기 65세 이상 여성 인구수,2021-2022절기 65세 이상 여성 접종률,2021-2022절기 65세 이상 전체 인구수,2021-2022절기 65세 이상 전체 접종률,2022-2023절기 65세 이상 남성 인구수,2022-2023절기 65세 이상 남성 접종률,2022-2023절기 65세 이상 여성 인구수,2022-2023절기 65세 이상 여성 접종률,2022-2023절기 65세 이상 전체 인구수,2022-2023절기 65세 이상 전체 접종률,2023-2024절기 65세 이상 남성 인구수,2023-2024절기 65세 이상 남성 접종률,2023-2024절기 65세 이상 여성 인구수,2023-2024절기 65세 이상 여성 접종률,2023-2024절기 65세 이상 전체 인구수,2023-2024절기 65세 이상 전체 접종률,2019-2020절기 임신부 보건소 접종자수,2020-2021절기 임신부 보건소 접종자수,2021-2022절기 임신부 보건소 접종자수,2022-2023절기 임신부 보건소 접종자수,2023-2024절기 임신부 보건소 접종자수,2019-2020절기 임신부 의료기관 접종자수,2020-2021절기 임신부 의료기관 접종자수,2021-2022절기 임신부 의료기관 접종자수,2022-2023절기 임신부 의료기관 접종자수,2023-2024절기 임신부 의료기관 접종자수,2016-2017절기 어린이 남성 보건소 접종자수,2016-2017절기 어린이 여성 보건소 접종자수,2017-2018절기 어린이 남성 보건소 접종자수,2017-2018절기 어린이 여성 보건소 접종자수,2018-2019절기 어린이 남성 보건소 접종자수,2018-2019절기 어린이 여성 보건소 접종자수,2019-2020절기 어린이 남성 보건소 접종자수,2019-2020절기 어린이 여성 보건소 접종자수,2020-2021절기 어린이 남성 보건소 접종자수,2020-2021절기 어린이 여성 보건소 접종자수,2021-2022절기 어린이 남성 보건소 접종자수,2021-2022절기 어린이 여성 보건소 접종자수,2022-2023절기 어린이 남성 보건소 접종자수,2022-2023절기 어린이 여성 보건소 접종자수,2023-2024절기 어린이 남성 보건소 접종자수,2023-2024절기 어린이 여성 보건소 접종자수,2015-2016절기 65세 이상 남성 보건소 접종자수,2015-2016절기 65세 이상 여성 보건소 접종자수,2016-2017절기 65세 이상 남성 보건소 접종자수,2016-2017절기 65세 이상 여성 보건소 접종자수,2016-2017절기 어린이 남성 의료기관 접종자수,2016-2017절기 어린이 여성 의료기관 접종자수,2017-2018절기 65세 이상 남성 보건소 접종자수,2017-2018절기 65세 이상 여성 보건소 접종자수,2017-2018절기 어린이 남성 의료기관 접종자수,2017-2018절기 어린이 여성 의료기관 접종자수,2018-2019절기 65세 이상 남성 보건소 접종자수,2018-2019절기 65세 이상 여성 보건소 접종자수,2018-2019절기 어린이 남성 의료기관 접종자수,2018-2019절기 어린이 여성 의료기관 접종자수,2019-2020절기 65세 이상 남성 보건소 접종자수,2019-2020절기 65세 이상 여성 보건소 접종자수,2019-2020절기 어린이 남성 의료기관 접종자수,2019-2020절기 어린이 여성 의료기관 접종자수,2020-2021절기 65세 이상 남성 보건소 접종자수,2020-2021절기 65세 이상 여성 보건소 접종자수,2020-2021절기 어린이 남성 의료기관 접종자수,2020-2021절기 어린이 여성 의료기관 접종자수,2021-2022절기 65세 이상 남성 보건소 접종자수,2021-2022절기 65세 이상 여성 보건소 접종자수,2021-2022절기 어린이 남성 의료기관 접종자수,2021-2022절기 어린이 여성 의료기관 접종자수,2022-2023절기 65세 이상 남성 보건소 접종자수,2022-2023절기 65세 이상 여성 보건소 접종자수,2022-2023절기 어린이 남성 의료기관 접종자수,2022-2023절기 어린이 여성 의료기관 접종자수,2023-2024절기 65세 이상 남성 보건소 접종자수,2023-2024절기 65세 이상 여성 보건소 접종자수,2023-2024절기 어린이 남성 의료기관 접종자수,2023-2024절기 어린이 여성 의료기관 접종자수,2015-2016절기 65세 이상 남성 의료기관 접종자수,2015-2016절기 65세 이상 여성 의료기관 접종자수,2016-2017절기 65세 이상 남성 의료기관 접종자수,2016-2017절기 65세 이상 여성 의료기관 접종자수,2017-2018절기 65세 이상 남성 의료기관 접종자수,2017-2018절기 65세 이상 여성 의료기관 접종자수,2018-2019절기 65세 이상 남성 의료기관 접종자수,2018-2019절기 65세 이상 여성 의료기관 접종자수,2019-2020절기 65세 이상 남성 의료기관 접종자수,2019-2020절기 65세 이상 여성 의료기관 접종자수,2020-2021절기 65세 이상 남성 의료기관 접종자수,2020-2021절기 65세 이상 여성 의료기관 접종자수,2021-2022절기 65세 이상 남성 의료기관 접종자수,2021-2022절기 65세 이상 여성 의료기관 접종자수,2022-2023절기 65세 이상 남성 의료기관 접종자수,2022-2023절기 65세 이상 여성 의료기관 접종자수,2023-2024절기 65세 이상 남성 의료기관 접종자수,2023-2024절기 65세 이상 여성 의료기관 접종자수
A24: ds_0601 | B24: WHO FluNet | C24: 0
A25: ds_0701 | B25: 구글 트렌드 | C25: 114 | D25: 감기,기침,독감,몸살,콧물,﻿time,감기약,A형 독감,타미플루,감기 증상,독감 검사,독감 증상,목 아플 때,독감 예방접종
A26: ds_0801 | B26: 네이버 트렌드 | C26: 118 | D26: 감기,기침,독감,몸살,콧물,﻿time,감기약,A형 독감,타미플루,감기 증상,독감 검사,독감 증상,목 아플 때,독감 예방접종
A27: ds_0901 | B27: X(트위터) 트렌드 | C27: 309 | D27: count,﻿day,keyword
B34: 데이터 수집 시작 기간 : 2025-08-01

Sheet ds_0101
B3: dsID | C3: ='Dataset Summary'!A2 -> ds_0101
B4: 데이터셋 설명 | C4: ='Dataset Summary'!B2 -> 인플루엔자 의사환자 비율
B5: 데이터 갯수 | C5: ='Dataset Summary'!C2 -> 63
B6: label | C6: ='Dataset Summary'!D2 -> 0세,1-6세,7-12세,13-18세,19-49세,50-64세,65세 이상,연도,주차
B11: {=TRANSPOSE(_xlfn.TEXTSPLIT(C6, ","))} -> 0세 | C11: Int
B12: 1-6세 | C12: Int
B13: 7-12세 | C13: Int
B14: 13-18세 | C14: Int
B15: 19-49세 | C15: Int
B16: 50-64세 | C16: Int
B17: 65세 이상 | C17: Int
B18: 연도 | C18: String
B19: 주차 | C19: Int

Sheet ds_0102
B3: dsID | C3: ='Dataset Summary'!A3 -> ds_0102
B4: 데이터셋 설명 | C4: ='Dataset Summary'!B3 -> 인플루엔자 유행단계
B5: 데이터 갯수 | C5: ='Dataset Summary'!C3 -> 14
B6: label | C6: ='Dataset Summary'!D3 -> 주차,﻿연도,유행기준,유행단계,인플루엔자 의사환자 분율
B9: {=TRANSPOSE(_xlfn.TEXTSPLIT(C6, ","))} -> 주차 | C9: Int
B10: ﻿연도 | C10: Int
B11: 유행기준 | C11: Int
B12: 유행단계 | C12: String
B13: 인플루엔자 의사환자 분율 | C13: Int

Sheet ds_0103
B3: dsID | C3: ='Dataset Summary'!A4 -> ds_0103
B4: 데이터셋 설명 | C4: ='Dataset Summary'!B4 -> 급성호흡기감염증 환자 중 인플루엔자 환자 수(ARI)
B5: 데이터 갯수 | C5: ='Dataset Summary'!C4 -> 16
B6: label | C6: ='Dataset Summary'!D4 -> 주차,연령대,﻿연도,입원환자 수
B9: {=TRANSPOSE(_xlfn.TEXTSPLIT(C6, ","))} -> 주차 | C9: Int
B10: 연령대 | C10: String
B11: ﻿연도 | C11: Int
B12: 입원환자 수 | C12: Int
C18: 38,65세이상,2025,16
C19: 38,50-64세,2025,2
C20: 38,19-49세,2025,1
C21: 38,13-18세,2025,3
C22: 38,7-12세,2025,7
C23: 38,1-6세,2025,13
C24: 38,0세,2025,1

Sheet ds_0104
B3: dsID | C3: ='Dataset Summary'!A5 -> ds_0104
B4: 데이터셋 설명 | C4: ='Dataset Summary'!B5 -> 중증급성호흡기감염증 환자 중 인플루엔자 환자 수(SARI)
B5: 데이터 갯수 | C5: ='Dataset Summary'!C5 -> 15
B6: label | C6: ='Dataset Summary'!D5 -> 주차,연령대,﻿연도,입원환자 수
B9: {=TRANSPOSE(_xlfn.TEXTSPLIT(C6, ","))} -> 주차 | C9: Int
B10: 연령대 | C10: String
B11: ﻿연도 | C11: Int
B12: 입원환자 수 | C12: Int
C18: 주차,연령대,�연도,입원환자 수
C19: 38,65세이상,2025,4
C20: 38,50-64세,2025,1
C21: 38,19-49세,2025,0
C22: 38,13-18세,2025,0
C23: 38,7-12세,2025,1
C24: 38,1-6세,2025,0
C25: 38,0세,2025,1

Sheet ds_0105
B3: dsID | C3: ='Dataset Summary'!A6 -> ds_0105
B4: 데이터셋 설명 | C4: ='Dataset Summary'!B6 -> 의원급 의료기관 인플루엔자 검출률(K-RISS)-아형별
B5: 데이터 갯수 | C5: ='Dataset Summary'!C6 -> 16
B6: label | C6: ='Dataset Summary'!D6 -> 아형,주차,﻿연도,인플루엔자 검출률
B9: {=TRANSPOSE(_xlfn.TEXTSPLIT(C6, ","))} -> 아형 | C9: String
B10: 주차 | C10: Int
B11: ﻿연도 | C11: Int
B12: 인플루엔자 검출률 | C12: Int

Sheet ds_0106
B3: dsID | C3: ='Dataset Summary'!A7 -> ds_0106
B4: 데이터셋 설명 | C4: ='Dataset Summary'!B7 -> 의원급 의료기관 인플루엔자 검출률(K-RISS)-연령대별
B5: 데이터 갯수 | C5: ='Dataset Summary'!C7 -> 16
B6: label | C6: ='Dataset Summary'!D7 -> 주차,연령대,﻿연도,인플루엔자 검출률
B9: {=TRANSPOSE(_xlfn.TEXTSPLIT(C6, ","))} -> 주차 | C9: Int
B10: 연령대 | C10: String
B11: ﻿연도 | C11: Int
B12: 인플루엔자 검출률 | C12: Int

Sheet ds_0107
B3: dsID | C3: ='Dataset Summary'!A8 -> ds_0107
B4: 데이터셋 설명 | C4: ='Dataset Summary'!B8 -> 검사기관 인플루엔자 검출률-아형별
B5: 데이터 갯수 | C5: ='Dataset Summary'!C8 -> 15
B6: label | C6: ='Dataset Summary'!D8 -> 아형,주차,﻿연도,인플루엔자 검출률
B9: {=TRANSPOSE(_xlfn.TEXTSPLIT(C6, ","))} -> 아형 | C9: String
B10: 주차 | C10: Int
B11: ﻿연도 | C11: Int
B12: 인플루엔자 검출률 | C12: Int

Sheet ds_0108
B3: dsID | C3: ='Dataset Summary'!A9 -> ds_0108
B4: 데이터셋 설명 | C4: ='Dataset Summary'!B9 -> 검사기관 인플루엔자 검출률-연령대별
B5: 데이터 갯수 | C5: ='Dataset Summary'!C9 -> 18
B6: label | C6: ='Dataset Summary'!D9 -> 주차,연령대,﻿연도,인플루엔자 검출률,응급실 인플루엔자 환자
B9: {=TRANSPOSE(_xlfn.TEXTSPLIT(C6, ","))} -> 주차 | C9: Int
B10: 연령대 | C10: String
B11: ﻿연도 | C11: Int
B12: 인플루엔자 검출률 | C12: Int
B13: 응급실 인플루엔자 환자 | C13: NULL or Int

Sheet ds_0109
B3: dsID | C3: ='Dataset Summary'!A10 -> ds_0109
B4: 데이터셋 설명 | C4: ='Dataset Summary'!B10 -> 응급실 인플루엔자 환자 수(NEDIS)
B5: 데이터 갯수 | C5: ='Dataset Summary'!C10 -> 14
B6: label | C6: ='Dataset Summary'!D10 -> 주차,연령대,﻿연도,응급실 인플루엔자 환자
B9: {=TRANSPOSE(_xlfn.TEXTSPLIT(C6, ","))} -> 주차 | C9: Int
B10: 연령대 | C10: String
B11: ﻿연도 | C11: Int
B12: 응급실 인플루엔자 환자 | C12: Int

Sheet ds_0110
B3: dsID | C3: ='Dataset Summary'!A11 -> ds_0110
B4: 데이터셋 설명 | C4: ='Dataset Summary'!B11 -> 인플루엔자 예방접종률-어르신
B5: 데이터 갯수 | C5: ='Dataset Summary'!C11 -> 10
B6: label | C6: ='Dataset Summary'!D11 -> 연도,주차,연령대,예방접종률
B9: {=TRANSPOSE(_xlfn.TEXTSPLIT(C6, ","))} -> 연도 | C9: Int
B10: 주차 | C10: Int
B11: 연령대 | C11: String
B12: 예방접종률 | C12: Int

Sheet ds_0111
B3: dsID | C3: ='Dataset Summary'!A12 -> ds_0111
B4: 데이터셋 설명 | C4: ='Dataset Summary'!B12 -> 인플루엔자 예방접종률-어린이
B5: 데이터 갯수 | C5: ='Dataset Summary'!C12 -> 9
B6: label | C6: ='Dataset Summary'!D12 -> 연도,주차,연령대,예방접종률
B9: {=TRANSPOSE(_xlfn.TEXTSPLIT(C6, ","))} -> 연도 | C9: Int
B10: 주차 | C10: Int
B11: 연령대 | C11: String
B12: 예방접종률 | C12: Int

Sheet ds_0201
B3: dsID | C3: ='Dataset Summary'!A13 -> ds_0201
B4: 데이터셋 설명 | C4: ='Dataset Summary'!B13 -> 의료통계정보-지역별 종별 의료인력
B5: 데이터 갯수 | C5: ='Dataset Summary'!C13 -> 779
B6: label | C6: ='Dataset Summary'!D13 -> 약사계,조산사,﻿시도,물리치료사,사회복지사,의사 / 인턴,작업치료사,의사 / 의사계,의사 / 일반의,의사 / 전문의,의사 / 레지던트,한의사 / 한의사계,치과의사 / 치과인턴,치과의사 / 치과의사계,치과의사 / 치과일반의,치과의사 / 치과전문의,한의사 / 한의사일반의,한의사 / 한의사전문의,치과의사 / 치과레지턴트,한의사 / 한의사일반수련의,한의사 / 한의사전문수련의,인력코드상위 / 요양기관종별
B9: {=TRANSPOSE(_xlfn.TEXTSPLIT(C6, ","))} -> 약사계 | C9: Int
B10: 조산사 | C10: Int
B11: ﻿시도 | C11: String
B12: 물리치료사 | C12: Int
B13: 사회복지사 | C13: Int
B14: 의사 / 인턴 | C14: Int
B15: 작업치료사 | C15: Int
B16: 의사 / 의사계 | C16: Int
B17: 의사 / 일반의 | C17: Int
B18: 의사 / 전문의 | C18: Int
B19: 의사 / 레지던트 | C19: Int
B20: 한의사 / 한의사계 | C20: Int
B21: 치과의사 / 치과인턴 | C21: Int
... B30: 인력코드상위 / 요양기관종별 | C30: String
B41: 10569,15,서울특별시,10423,627,183,1452,31829,3176,27587,883,5456,164,7518,3901,3022,4390,902,431,77,87,소계

Sheet ds_0202
B4: dsID | C4: ='Dataset Summary'!A15 -> ds_0301
B5: 데이터셋 설명 | C5: ='Dataset Summary'!B15 -> 성별 및 연령별 인구와 인구밀도
B6: 데이터 갯수 | C6: ='Dataset Summary'!C15 -> 1588
B7: label | C7: ='Dataset Summary'!D15 -> 0
B10: {=TRANSPOSE(_xlfn.TEXTSPLIT(C7, ","))} -> 0

Sheet ds_0401
B4: dsID | C4: ='Dataset Summary'!A16 -> ds_0401
B5: 데이터셋 설명 | C5: ='Dataset Summary'!B16 -> 전국 지역별 인구밀도
B6: 데이터 갯수 | C6: ='Dataset Summary'!C16 -> 3
B7: label | C7: ='Dataset Summary'!D16 -> adm_cd,adm_nm,avg_age,corp_cnt,imga_cnt,tot_house,tot_ppltn,imga_ppltn,nongga_cnt,tot_family,ppltn_dnsty,employee_cnt,haesuoga_cnt,naesuoga_cnt,nongga_ppltn,juv_suprt_per,aged_child_idx,haesuoga_ppltn,naesuoga_ppltn,avg_fmember_cnt,oldage_suprt_per,[
B10: {=TRANSPOSE(_xlfn.TEXTSPLIT(C7, ","))} -> adm_cd | C10: Int | D10: {=TRANSPOSE(_xlfn.TEXTSPLIT(B36, ","))} -> 행정구역을 구분하기 위한 행정동 코드
B11: adm_nm | C11: String | D11: 행정구역의 명칭(행정동 이름)
B12: avg_age | C12: Int | D12: 해당 지역 주민의 평균 연령
B13: corp_cnt | C13: Int | D13: 해당 지역에 등록된 사업체 수
B14: imga_cnt | C14: Null | D14: 해당 지역에 거주하는 이주민 가구 수
B15: tot_house | C15: Int | D15: 해당 지역의 전체 가구 수
B16: tot_ppltn | C16: Int | D16: 해당 지역의 총 인구 수
B17: imga_ppltn | C17: Null | D17: 해당 지역에 거주하는 이주민 인구 수
B18: nongga_cnt | C18: Null | D18: 해당 지역의 농가 수
B19: tot_family | C19: Int | D19: 해당 지역의 전체 가족 수
B20: ppltn_dnsty | C20: Int | D20: 단위 면적당 인구 수를 나타내는 인구 밀도
B21: employee_cnt | C21: Int | D21: 해당 지역에 종사하는 전체 근로자 수
B22: haesuoga_cnt | C22: Null | D22: 해당 지역의 해수면 어업 가구 수
... B30: oldage_suprt_per | C30: Int | D30: 노년 인구를 부양하는 생산가능인구의 비율
B31: [ | C31: Null
B36: 행정구역을 구분하기 위한 행정동 코드,행정구역의 명칭(행정동 이름),해당 지역 주민의 평균 연령,해당 지역에 등록된 사업체 수,해당 지역에 거주하는 이주민 가구 수,해당 지역의 전체 가구 수,해당 지역의 총 인구 수,해당 지역에 거주하는 이주민 인구 수,해당 지역의 농가 수,해당 지역의 전체 가족 수,단위 면적당 인구 수를 나타내는 인구 밀도,해당 지역에 종사하는 전체 근로자 수,해당 지역의 해수면 어업 가구 수,해당 지역의 내수면 어업 가구 수,해당 지역의 농가 인구 수,유소년 인구를 부양하는 생산가능인구의 비율,노년 인구 대비 유소년 인구의 비율을 나타내는 지수,해수면 어업에 종사하는 인구 수,내수면 어업에 종사하는 인구 수,가구당 평균 가족 구성원 수,노년 인구를 부양하는 생산가능인구의 비율
B39: 11010530,사직동,46.4,4855,N/A,2559,8377,N/A,N/A,3937,7236.1,57319,N/A,N/A,N/A,11.2,263.4,N/A,N/A,2,29.4,

Sheet ds_0501
B3: dsID | C3: ='Dataset Summary'!A17 -> ds_0501
B4: 데이터셋 설명 | C4: ='Dataset Summary'!B17 -> 전국 응급의료기관 실시간 현황 정보
B5: 데이터 갯수 | C5: ='Dataset Summary'!C17 -> 7472
B6: label | C6: ='Dataset Summary'!D17 -> hv2,hv3,hv5,hv6,hv7,hv9,hpid,hv10,hv11,hv13,hv14,hv15,hv16,hv17,hv18,hv19,hv21,hv22,hv23,hv24,hv25,hv26,hv27,hv28,hv29,hv30,hv31,hv32,hv33,hv34,hv35,hv36,hv37,hv38,hv39,hv40,hv41,hv42,hv43,hv60,hv61,hvcc,hvec,hvgc,hvoc,rnum,hvccc,hvicc,hvncc,hvs01,hvs02,hvs03,hvs04,hvs05,hvs06,hvs07,hvs08,hvs09,hvs10,hvs11,hvs12,hvs14,hvs15,hvs16,hvs17,hvs18,hvs19,hvs20,hvs21,hvs22,hvs23,hvs24,hvs25,hvs26,hvs27,hvs28,hvs29,hvs30,hvs31,hvs32,hvs33,hvs34,hvs35,hvs36,hvs37,hvs38,hvs46,hvs47,hvs48,hvs49,hvs50,hvs51,hvs52,hvs53,hvs54,hvs55,hvs56,hvs57,hvs58,hvs59,hvs60,hvs61,phpid,hvamyn,hvctayn,hvidate,dutyTel3,hvmriayn,hvoxyayn,hvcrrtayn,hvecmoayn,hvhypoayn,hvincuayn,hvangioayn,hvventiayn,﻿dutyName,hvventisoayn
B9: {=TRANSPOSE(_xlfn.TEXTSPLIT(C6, ","))} -> hv2 | C9: Int | D9: {=TRANSPOSE(_xlfn.TEXTSPLIT(B136, ","))} -> 응급실 가용 병상 수(구분 2)
B10: hv3 | C10: Int | D10: 응급실 가용 병상 수(구분 3)
B11: hv5 | C11: String | D11: 응급실 가용 병상 수(구분 5)
B12: hv6 | C12: Int | D12: 응급실 가용 병상 수(구분 6)
B13: hv7 | C13: String | D13: 응급실 가용 병상 수(구분 7)
B14: hv9 | C14: Int | D14: 응급실 가용 병상 수(구분 9)
B15: hpid | C15: String | D15: 의료기관 고유 식별자
B16: hv10 | C16: Int | D16: 응급실 가용 병상 수(구분 10)
B17: hv11 | C17: Int | D17: 응급실 가용 병상 수(구분 11)
B18: hv13 | C18: Int | D18: 응급실 가용 병상 수(구분 13)
B19: hv14 | C19: Int | D19: 응급실 가용 병상 수(구분 14)
B20: hv15 | C20: Int | D20: 응급실 가용 병상 수(구분 15)
B21: hv16 | C21: Int | D21: 응급실 가용 병상 수(구분 16)
... B125: hvventisoayn | C125: Boolean | D125: 응급 인공호흡기 격리 사용 가능 여부
B136: 응급실 가용 병상 수(구분 2),응급실 가용 병상 수(구분 3),응급실 가용 병상 수(구분 5),응급실 가용 병상 수(구분 6),응급실 가용 병상 수(구분 7),응급실 가용 병상 수(구분 9),의료기관 고유 식별자,응급실 가용 병상 수(구분 10),응급실 가용 병상 수(구분 11),응급실 가용 병상 수(구분 13),응급실 가용 병상 수(구분 14),응급실 가용 병상 수(구분 15),응급실 가용 병상 수(구분 16),응급실 가용 병상 수(구분 17),응급실 가용 병상 수(구분 18),응급실 가용 병상 수(구분 19),응급실 가용 병상 수(구분 21),응급실 가용 병상 수(구분 22),응급실 가용 병상 수(구분 23),응급실 가용 병상 수(구분 24),응급실 가용 병상 수(구분 25),응급실 가용 병상 수(구분 26),응급실 가용 병상 수(구분 27),응급실 가용 병상 수(구분 28),응급실 가용 병상 수(구분 29),응급실 가용 병상 수(구분 30),응급실 가용 병상 수(구분 31),응급실 가용 병상 수(구분 32),응급실 가용 병상 수(구분 33),응급실 가용 병상 수(구분 34),응급실 가용 병상 수(구분 35),응급실 가용 병상 수(구분 36),응급실 가용 병상 수(구분 37),응급실 가용 병상 수(구분 38),응급실 가용 병상 수(구분 39),응급실 가용 병상 수(구분 40),응급실 가용 병상 수(구분 41),응급실 가용 병상 수(구분 42),응급실 가용 병상 수(구분 43),중환자실 가용 병상 수,격리 병상 가용 여부,일반 병상 가용 여부,수술실 가용 여부,접수 순번,응급실 중증 병상 가용 여부,응급실 일반 병상 가용 여부,응급실 음압 병상 가용 여부,소아응급실 진료 가능 여부,소아중환자실 진료 가능 여부,신생아중환자실 진료 가능 여부,외상응급 진료 가능 여부,화상응급 진료 가능 여부,심혈관 응급 진료 가능 여부,뇌혈관 응급 진료 가능 여부,중독 응급 진료 가능 여부,정신과 응급 진료 가능 여부,산과 응급 진료 가능 여부,소아외과 응급 진료 가능 여부,소아내과 응급 진료 가능 여부,소아외상 응급 진료 가능 여부,중증외상 진료 가능 여부,중환자 치료 가능 여부,혈액투석 가능 여부,응급수술 가능 여부,응급내시경 가능 여부,응급영상진단 가능 여부,응급CT 가능 여부,응급MRI 가능 여부,응급혈관조영 가능 여부,응급인공호흡기 사용 가능 여부,응급투석 가능 여부,응급저체온치료 가능 여부,응급심폐소생 가능 여부,응급ECMO 가능 여부,응급산소공급 가능 여부,응급중환자실 운영 여부,응급전문의 상주 여부,응급간호사 상주 여부,응급의료기관 운영 여부,응급실 혼잡도 정보,응급실 접수 가능 여부,응급실 진료 가능 여부,응급실 운영 상태,응급실 대기 시간 정보,응급실 수용 가능 상태,응급실 응급환자 수용 가능 여부,응급실 일반환자 수용 가능 여부,응급실 중증환자 수용 가능 여부,응급실 소아환자 수용 가능 여부,응급실 산모환자 수용 가능 여부,응급실 외상환자 수용 가능 여부,응급실 심정지환자 수용 가능 여부,응급실 뇌졸중환자 수용 가능 여부,응급실 심근경색환자 수용 가능 여부,응급실 화상환자 수용 가능 여부,응급실 중독환자 수용 가능 여부,응급실 감염환자 수용 가능 여부,응급실 격리환자 수용 가능 여부,응급실 음압격리실 운영 여부,응급실 최신 정보 갱신 여부,의료기관 고유 ID,응급실 야간 운영 여부,응급실 주말 운영 여부,정보 기준 일시,응급실 대표 연락처,응급 MRI 장비 보유 여부,응급 산소 공급 가능 여부,응급 심폐소생술 가능 여부,응급 ECMO 장비 보유 여부,응급 저체온 치료 가능 여부,응급 인큐베이터 보유 여부,응급 혈관조영 장비 보유 여부,응급 인공호흡기 보유 여부,의료기관 명칭,응급 인공호흡기 격리 사용 가능 여부

Sheet ds_0502
B3: dsID | C3: ='Dataset Summary'!A18 -> ds_0502
B4: 데이터셋 설명 | C4: ='Dataset Summary'!B18 -> 감염성질환(인플루엔자) 의료이용정보
B5: 데이터 갯수 | C5: ='Dataset Summary'!C18 -> 4
B6: label | C6: ='Dataset Summary'!D18 -> 0
B9: {=TRANSPOSE(_xlfn.TEXTSPLIT(C6, ","))} -> 0 | C9: Int | D9: {=TRANSPOSE(_xlfn.TEXTSPLIT(B125, ","))} -> #VALUE!

Sheet ds_0503
B3: dsID | C3: ='Dataset Summary'!A19 -> ds_0503
B4: 데이터셋 설명 | C4: ='Dataset Summary'!B19 -> 대기오염 통계
B5: 데이터 갯수 | C5: ='Dataset Summary'!C19 -> 2322
B6: label | C6: ='Dataset Summary'!D19 -> coFlag,o3Flag,coGrade,coValue,no2Flag,o3Grade,o3Value,so2Flag,dataTime,no2Grade,no2Value,pm10Flag,sidoName,so2Value,khaiGrade,khaiValue,pm10Grade,pm10Value,stationName,﻿so2Grade
B9: {=TRANSPOSE(_xlfn.TEXTSPLIT(C6, ","))} -> coFlag | C9: String | D9: {=TRANSPOSE(_xlfn.TEXTSPLIT(B31, ","))} -> 일산화탄소(CO) 측정값의 유효성 또는 상태를 나타내는 플래그
B10: o3Flag | C10: String | D10: 오존(O3) 측정값의 유효성 또는 상태를 나타내는 플래그
B11: coGrade | C11: Int | D11: 일산화탄소(CO) 대기질 등급
B12: coValue | C12: Int | D12: 일산화탄소(CO) 농도 측정값
B13: no2Flag | C13: String | D13: 이산화질소(NO2) 측정값의 유효성 또는 상태를 나타내는 플래그
B14: o3Grade | C14: Int | D14: 오존(O3) 대기질 등급
B15: o3Value | C15: Int | D15: 오존(O3) 농도 측정값
B16: so2Flag | C16: String | D16: 아황산가스(SO2) 측정값의 유효성 또는 상태를 나타내는 플래그
B17: dataTime | C17: Int | D17: 대기오염 정보의 측정 기준 시각
B18: no2Grade | C18: Int | D18: 이산화질소(NO2) 대기질 등급
B19: no2Value | C19: Int | D19: 이산화질소(NO2) 농도 측정값
B20: pm10Flag | C20: String | D20: 미세먼지(PM10) 측정값의 유효성 또는 상태를 나타내는 플래그
B21: sidoName | C21: String | D21: 시도 단위의 지역명
... B28: ﻿so2Grade | C28: Int | D28: 아황산가스(SO2) 대기질 등급
B31: 일산화탄소(CO) 측정값의 유효성 또는 상태를 나타내는 플래그,오존(O3) 측정값의 유효성 또는 상태를 나타내는 플래그,일산화탄소(CO) 대기질 등급,일산화탄소(CO) 농도 측정값,이산화질소(NO2) 측정값의 유효성 또는 상태를 나타내는 플래그,오존(O3) 대기질 등급,오존(O3) 농도 측정값,아황산가스(SO2) 측정값의 유효성 또는 상태를 나타내는 플래그,대기오염 정보의 측정 기준 시각,이산화질소(NO2) 대기질 등급,이산화질소(NO2) 농도 측정값,미세먼지(PM10) 측정값의 유효성 또는 상태를 나타내는 플래그,시도 단위의 지역명,아황산가스(SO2) 농도 측정값,아황산가스(SO2) 통합 대기질 등급,통합대기환경지수(KHAI) 값,미세먼지(PM10) 대기질 등급,미세먼지(PM10) 농도 측정값,대기질 측정소의 명칭,아황산가스(SO2) 대기질 등급

Sheet ds_0504
B4: dsID | C4: ='Dataset Summary'!A20 -> ds_0504
B5: 데이터셋 설명 | C5: ='Dataset Summary'!B20 -> 국경일/공휴일 정보
B6: 데이터 갯수 | C6: ='Dataset Summary'!C20 -> 13
B7: label | C7: ='Dataset Summary'!D20 -> seq,locdate,dateName,isHoliday,﻿dateKind
B10: {=TRANSPOSE(_xlfn.TEXTSPLIT(C7, ","))} -> seq | C10: Int | D10: {=TRANSPOSE(_xlfn.TEXTSPLIT(B17, ","))} -> 데이터의 고유 순번을 나타내는 식별자
B11: locdate | C11: Int | D11: 해당 날짜를 나타내는 기준 일자(YYYYMMDD 형식)
B12: dateName | C12: String | D12: 해당 날짜의 명칭(국경일·공휴일 이름 등)
B13: isHoliday | C13: Boolean | D13: 해당 날짜가 공휴일인지 여부를 나타내는 값
B14: ﻿dateKind | C14: Int | D14: 날짜의 구분 유형(국경일·공휴일·대체공휴일 등)
B17: 데이터의 고유 순번을 나타내는 식별자,해당 날짜를 나타내는 기준 일자(YYYYMMDD 형식),해당 날짜의 명칭(국경일·공휴일 이름 등),해당 날짜가 공휴일인지 여부를 나타내는 값,날짜의 구분 유형(국경일·공휴일·대체공휴일 등)

Sheet ds_0505
B3: dsID | C3: ='Dataset Summary'!A21 -> ds_0505
B4: 데이터셋 설명 | C4: ='Dataset Summary'!B21 -> 지점별 종관기상관측(ASOS) 시간자료
B5: 데이터 갯수 | C5: ='Dataset Summary'!C21 -> 105
B6: label | C6: ='Dataset Summary'!D21 -> hm,pa,ps,pv,rn,ss,ta,td,ts,vs,wd,ws,dsnw,icsr,rnum,lcsCh,m01Te,m02Te,m03Te,stnId,stnNm,﻿tm,m005Te,dc10Tca,hmQcflg,hr3Fhsc,paQcflg,psQcflg,rnQcflg,ssQcflg,taQcflg,tsQcflg,wdQcflg,wsQcflg,gndSttCd,clfmAbbrCd,dc10LmcsCa,dmstMtphNo
B9: {=TRANSPOSE(_xlfn.TEXTSPLIT(C6, ","))} -> hm | C9: {=TRANSPOSE(_xlfn.TEXTSPLIT(B49, ","))} -> int | D9: {=TRANSPOSE(_xlfn.TEXTSPLIT(B50, ","))} -> 상대습도 값(%)
B10: pa | C10: int | D10: 해면기압 값(hPa)
B11: ps | C11: int | D11: 현지기압 값(hPa)
B12: pv | C12: int | D12: 증기압 값(hPa)
B13: rn | C13: int | D13: 강수량 값(mm)
B14: ss | C14: int | D14: 일조시간 값(시간)
B15: ta | C15: int | D15: 기온 값(℃)
B16: td | C16: int | D16: 이슬점온도 값(℃)
B17: ts | C17: int | D17: 지면온도 값(℃)
B18: vs | C18: int | D18: 시정 값(m)
B19: wd | C19: int | D19: 풍향 값(도)
B20: ws | C20: int | D20: 풍속 값(m/s)
B21: dsnw | C21: int | D21: 적설량 값(cm)
... B46: dmstMtphNo | C46: int | D46: 국내 기상현상 번호
B49: int,int,int,int,int,int,int,int,int,int,int,int,int,int,int,string,int,int,int,string,string,string,int,int,int,int,int,int,int,int,int,int,int,int,int,string,string,int
B50: 상대습도 값(%),해면기압 값(hPa),현지기압 값(hPa),증기압 값(hPa),강수량 값(mm),일조시간 값(시간),기온 값(℃),이슬점온도 값(℃),지면온도 값(℃),시정 값(m),풍향 값(도),풍속 값(m/s),적설량 값(cm),일사량 값(MJ/㎡),데이터 순번,저층운량 변화 코드,01시 기온 값,02시 기온 값,03시 기온 값,기상관측소 ID,기상관측소 명칭,관측 시각(YYYYMMDDHHMI),05시 기온 값,10분 누적 강수량,상대습도 품질관리 플래그,3시간 신적설 값,해면기압 품질관리 플래그,현지기압 품질관리 플래그,강수량 품질관리 플래그,일조시간 품질관리 플래그,기온 품질관리 플래그,지면온도 품질관리 플래그,풍향 품질관리 플래그,풍속 품질관리 플래그,지면상태 코드,운형 약어 코드,10분 최저운고 구분값,국내 기상현상 번호

Sheet ds_0506
B3: dsID | C3: ='Dataset Summary'!A22 -> ds_0506
B4: 데이터셋 설명 | C4: ='Dataset Summary'!B22 -> 의약품사용정보
B5: 데이터 갯수 | C5: ='Dataset Summary'!C22 -> 5
B6: label | C6: ='Dataset Summary'!D22 -> diagYm,sgguCd,recuClCd,sgguCdNm,sidoCdNm,insupTpCd,totUseQty,msupUseAmt,atcStep3CdNm,﻿atcStep3Cd
B9: {=TRANSPOSE(_xlfn.TEXTSPLIT(C6, ","))} -> diagYm | C9: {=TRANSPOSE(_xlfn.TEXTSPLIT(B22, ","))} -> string | D9: {=TRANSPOSE(_xlfn.TEXTSPLIT(B23, ","))} -> 진료가 발생한 기준 연월을 나타내는 값(YYYYMM 형식)
B10: sgguCd | C10: string | D10: 시군구를 식별하기 위한 행정구역 코드
B11: recuClCd | C11: string | D11: 요양기관의 진료 구분을 나타내는 코드
B12: sgguCdNm | C12: string | D12: 시군구 행정구역의 명칭
B13: sidoCdNm | C13: string | D13: 시도 행정구역의 명칭
B14: insupTpCd | C14: string | D14: 보험자 구분을 나타내는 코드
B15: totUseQty | C15: int | D15: 해당 의약품의 총 사용 수량
B16: msupUseAmt | C16: int | D16: 해당 의약품의 총 사용 금액
B17: atcStep3CdNm | C17: string | D17: ATC 3단계 기준 의약품 분류 명칭
B18: ﻿atcStep3Cd | C18: string | D18: ATC 3단계 기준 의약품 분류 코드
B22: string,string,string,string,string,string,int,int,string,string
B23: 진료가 발생한 기준 연월을 나타내는 값(YYYYMM 형식),시군구를 식별하기 위한 행정구역 코드,요양기관의 진료 구분을 나타내는 코드,시군구 행정구역의 명칭,시도 행정구역의 명칭,보험자 구분을 나타내는 코드,해당 의약품의 총 사용 수량,해당 의약품의 총 사용 금액,ATC 3단계 기준 의약품 분류 명칭,ATC 3단계 기준 의약품 분류 코드

Sheet ds_0507
B4: dsID | C4: ='Dataset Summary'!A23 -> ds_0507
B5: 데이터셋 설명 | C5: ='Dataset Summary'!B23 -> 인플루엔자 시군구별 국가예방접종 현황
B6: 데이터 갯수 | C6: ='Dataset Summary'!C23 -> 1608
B7: label | C7: ='Dataset Summary'!D23 -> 시군구명,﻿시도명,2016-2017절기 어린이 남성 인구수,2016-2017절기 어린이 남성 접종률,2016-2017절기 어린이 여성 인구수,2016-2017절기 어린이 여성 접종률,2016-2017절기 어린이 전체 인구수,2016-2017절기 어린이 전체 접종률,2017-2018절기 어린이 남성 인구수,2017-2018절기 어린이 남성 접종률,2017-2018절기 어린이 여성 인구수,2017-2018절기 어린이 여성 접종률,2017-2018절기 어린이 전체 인구수,2017-2018절기 어린이 전체 접종률,2018-2019절기 어린이 남성 인구수,2018-2019절기 어린이 남성 접종률,2018-2019절기 어린이 여성 인구수,2018-2019절기 어린이 여성 접종률,2018-2019절기 어린이 전체 인구수,2018-2019절기 어린이 전체 접종률,2019-2020절기 어린이 남성 인구수,2019-2020절기 어린이 남성 접종률,2019-2020절기 어린이 여성 인구수,2019-2020절기 어린이 여성 접종률,2019-2020절기 어린이 전체 인구수,2019-2020절기 어린이 전체 접종률,2020-2021절기 어린이 남성 인구수,2020-2021절기 어린이 남성 접종률,2020-2021절기 어린이 여성 인구수,2020-2021절기 어린이 여성 접종률,2020-2021절기 어린이 전체 인구수,2020-2021절기 어린이 전체 접종률,2021-2022절기 어린이 남성 인구수,2021-2022절기 어린이 남성 접종률,2021-2022절기 어린이 여성 인구수,2021-2022절기 어린이 여성 접종률,2021-2022절기 어린이 전체 인구수,2021-2022절기 어린이 전체 접종률,2022-2023절기 어린이 남성 인구수,2022-2023절기 어린이 남성 접종률,2022-2023절기 어린이 여성 인구수,2022-2023절기 어린이 여성 접종률,2022-2023절기 어린이 전체 인구수,2022-2023절기 어린이 전체 접종률,2023-2024절기 어린이 남성 인구수,2023-2024절기 어린이 남성 접종률,2023-2024절기 어린이 여성 인구수,2023-2024절기 어린이 여성 접종률,2023-2024절기 어린이 전체 인구수,2023-2024절기 어린이 전체 접종률,2015-2016절기 65세 이상 남성 인구수,2015-2016절기 65세 이상 남성 접종률,2015-2016절기 65세 이상 여성 인구수,2015-2016절기 65세 이상 여성 접종률,2015-2016절기 65세 이상 전체 인구수,2015-2016절기 65세 이상 전체 접종률,2016-2017절기 65세 이상 남성 인구수,2016-2017절기 65세 이상 남성 접종률,2016-2017절기 65세 이상 여성 인구수,2016-2017절기 65세 이상 여성 접종률,2016-2017절기 65세 이상 전체 인구수,2016-2017절기 65세 이상 전체 접종률,2017-2018절기 65세 이상 남성 인구수,2017-2018절기 65세 이상 남성 접종률,2017-2018절기 65세 이상 여성 인구수,2017-2018절기 65세 이상 여성 접종률,2017-2018절기 65세 이상 전체 인구수,2017-2018절기 65세 이상 전체 접종률,2018-2019절기 65세 이상 남성 인구수,2018-2019절기 65세 이상 남성 접종률,2018-2019절기 65세 이상 여성 인구수,2018-2019절기 65세 이상 여성 접종률,2018-2019절기 65세 이상 전체 인구수,2018-2019절기 65세 이상 전체 접종률,2019-2020절기 65세 이상 남성 인구수,2019-2020절기 65세 이상 남성 접종률,2019-2020절기 65세 이상 여성 인구수,2019-2020절기 65세 이상 여성 접종률,2019-2020절기 65세 이상 전체 인구수,2019-2020절기 65세 이상 전체 접종률,2020-2021절기 65세 이상 남성 인구수,2020-2021절기 65세 이상 남성 접종률,2020-2021절기 65세 이상 여성 인구수,2020-2021절기 65세 이상 여성 접종률,2020-2021절기 65세 이상 전체 인구수,2020-2021절기 65세 이상 전체 접종률,2021-2022절기 65세 이상 남성 인구수,2021-2022절기 65세 이상 남성 접종률,2021-2022절기 65세 이상 여성 인구수,2021-2022절기 65세 이상 여성 접종률,2021-2022절기 65세 이상 전체 인구수,2021-2022절기 65세 이상 전체 접종률,2022-2023절기 65세 이상 남성 인구수,2022-2023절기 65세 이상 남성 접종률,2022-2023절기 65세 이상 여성 인구수,2022-2023절기 65세 이상 여성 접종률,2022-2023절기 65세 이상 전체 인구수,2022-2023절기 65세 이상 전체 접종률,2023-2024절기 65세 이상 남성 인구수,2023-2024절기 65세 이상 남성 접종률,2023-2024절기 65세 이상 여성 인구수,2023-2024절기 65세 이상 여성 접종률,2023-2024절기 65세 이상 전체 인구수,2023-2024절기 65세 이상 전체 접종률,2019-2020절기 임신부 보건소 접종자수,2020-2021절기 임신부 보건소 접종자수,2021-2022절기 임신부 보건소 접종자수,2022-2023절기 임신부 보건소 접종자수,2023-2024절기 임신부 보건소 접종자수,2019-2020절기 임신부 의료기관 접종자수,2020-2021절기 임신부 의료기관 접종자수,2021-2022절기 임신부 의료기관 접종자수,2022-2023절기 임신부 의료기관 접종자수,2023-2024절기 임신부 의료기관 접종자수,2016-2017절기 어린이 남성 보건소 접종자수,2016-2017절기 어린이 여성 보건소 접종자수,2017-2018절기 어린이 남성 보건소 접종자수,2017-2018절기 어린이 여성 보건소 접종자수,2018-2019절기 어린이 남성 보건소 접종자수,2018-2019절기 어린이 여성 보건소 접종자수,2019-2020절기 어린이 남성 보건소 접종자수,2019-2020절기 어린이 여성 보건소 접종자수,2020-2021절기 어린이 남성 보건소 접종자수,2020-2021절기 어린이 여성 보건소 접종자수,2021-2022절기 어린이 남성 보건소 접종자수,2021-2022절기 어린이 여성 보건소 접종자수,2022-2023절기 어린이 남성 보건소 접종자수,2022-2023절기 어린이 여성 보건소 접종자수,2023-2024절기 어린이 남성 보건소 접종자수,2023-2024절기 어린이 여성 보건소 접종자수,2015-2016절기 65세 이상 남성 보건소 접종자수,2015-2016절기 65세 이상 여성 보건소 접종자수,2016-2017절기 65세 이상 남성 보건소 접종자수,2016-2017절기 65세 이상 여성 보건소 접종자수,2016-2017절기 어린이 남성 의료기관 접종자수,2016-2017절기 어린이 여성 의료기관 접종자수,2017-2018절기 65세 이상 남성 보건소 접종자수,2017-2018절기 65세 이상 여성 보건소 접종자수,2017-2018절기 어린이 남성 의료기관 접종자수,2017-2018절기 어린이 여성 의료기관 접종자수,2018-2019절기 65세 이상 남성 보건소 접종자수,2018-2019절기 65세 이상 여성 보건소 접종자수,2018-2019절기 어린이 남성 의료기관 접종자수,2018-2019절기 어린이 여성 의료기관 접종자수,2019-2020절기 65세 이상 남성 보건소 접종자수,2019-2020절기 65세 이상 여성 보건소 접종자수,2019-2020절기 어린이 남성 의료기관 접종자수,2019-2020절기 어린이 여성 의료기관 접종자수,2020-2021절기 65세 이상 남성 보건소 접종자수,2020-2021절기 65세 이상 여성 보건소 접종자수,2020-2021절기 어린이 남성 의료기관 접종자수,2020-2021절기 어린이 여성 의료기관 접종자수,2021-2022절기 65세 이상 남성 보건소 접종자수,2021-2022절기 65세 이상 여성 보건소 접종자수,2021-2022절기 어린이 남성 의료기관 접종자수,2021-2022절기 어린이 여성 의료기관 접종자수,2022-2023절기 65세 이상 남성 보건소 접종자수,2022-2023절기 65세 이상 여성 보건소 접종자수,2022-2023절기 어린이 남성 의료기관 접종자수,2022-2023절기 어린이 여성 의료기관 접종자수,2023-2024절기 65세 이상 남성 보건소 접종자수,2023-2024절기 65세 이상 여성 보건소 접종자수,2023-2024절기 어린이 남성 의료기관 접종자수,2023-2024절기 어린이 여성 의료기관 접종자수,2015-2016절기 65세 이상 남성 의료기관 접종자수,2015-2016절기 65세 이상 여성 의료기관 접종자수,2016-2017절기 65세 이상 남성 의료기관 접종자수,2016-2017절기 65세 이상 여성 의료기관 접종자수,2017-2018절기 65세 이상 남성 의료기관 접종자수,2017-2018절기 65세 이상 여성 의료기관 접종자수,2018-2019절기 65세 이상 남성 의료기관 접종자수,2018-2019절기 65세 이상 여성 의료기관 접종자수,2019-2020절기 65세 이상 남성 의료기관 접종자수,2019-2020절기 65세 이상 여성 의료기관 접종자수,2020-2021절기 65세 이상 남성 의료기관 접종자수,2020-2021절기 65세 이상 여성 의료기관 접종자수,2021-2022절기 65세 이상 남성 의료기관 접종자수,2021-2022절기 65세 이상 여성 의료기관 접종자수,2022-2023절기 65세 이상 남성 의료기관 접종자수,2022-2023절기 65세 이상 여성 의료기관 접종자수,2023-2024절기 65세 이상 남성 의료기관 접종자수,2023-2024절기 65세 이상 여성 의료기관 접종자수
B10: {=TRANSPOSE(_xlfn.TEXTSPLIT(C7, ","))} -> 시군구명 | C10: {=TRANSPOSE(_xlfn.TEXTSPLIT(P12, ","))} -> string | D10: {=TRANSPOSE(_xlfn.TEXTSPLIT(P10, ","))} -> 시군구 단위의 행정구역 명칭 | P10: 시군구 단위의 행정구역 명칭,시도 단위의 행정구역 명칭,2016-2017절기 어린이 남성 인구 수,2016-2017절기 어린이 남성 인구 대비 예방접종률,2016-2017절기 어린이 여성 인구 수,2016-2017절기 어린이 여성 인구 대비 예방접종률,2016-2017절기 어린이 전체 인구 수,2016-2017절기 어린이 전체 인구 대비 예방접종률,2017-2018절기 어린이 남성 인구 수,2017-2018절기 어린이 남성 인구 대비 예방접종률,2017-2018절기 어린이 여성 인구 수,2017-2018절기 어린이 여성 인구 대비 예방접종률,2017-2018절기 어린이 전체 인구 수,2017-2018절기 어린이 전체 인구 대비 예방접종률,2018-2019절기 어린이 남성 인구 수,2018-2019절기 어린이 남성 인구 대비 예방접종률,2018-2019절기 어린이 여성 인구 수,2018-2019절기 어린이 여성 인구 대비 예방접종률,2018-2019절기 어린이 전체 인구 수,2018-2019절기 어린이 전체 인구 대비 예방접종률,2019-2020절기 어린이 남성 인구 수,2019-2020절기 어린이 남성 인구 대비 예방접종률,2019-2020절기 어린이 여성 인구 수,2019-2020절기 어린이 여성 인구 대비 예방접종률,2019-2020절기 어린이 전체 인구 수,2019-2020절기 어린이 전체 인구 대비 예방접종률,2020-2021절기 어린이 남성 인구 수,2020-2021절기 어린이 남성 인구 대비 예방접종률,2020-2021절기 어린이 여성 인구 수,2020-2021절기 어린이 여성 인구 대비 예방접종률,2020-2021절기 어린이 전체 인구 수,2020-2021절기 어린이 전체 인구 대비 예방접종률,2021-2022절기 어린이 남성 인구 수,2021-2022절기 어린이 남성 인구 대비 예방접종률,2021-2022절기 어린이 여성 인구 수,2021-2022절기 어린이 여성 인구 대비 예방접종률,2021-2022절기 어린이 전체 인구 수,2021-2022절기 어린이 전체 인구 대비 예방접종률,2022-2023절기 어린이 남성 인구 수,2022-2023절기 어린이 남성 인구 대비 예방접종률,2022-2023절기 어린이 여성 인구 수,2022-2023절기 어린이 여성 인구 대비 예방접종률,2022-2023절기 어린이 전체 인구 수,2022-2023절기 어린이 전체 인구 대비 예방접종률,2023-2024절기 어린이 남성 인구 수,2023-2024절기 어린이 남성 인구 대비 예방접종률,2023-2024절기 어린이 여성 인구 수,2023-2024절기 어린이 여성 인구 대비 예방접종률,2023-2024절기 어린이 전체 인구 수,2023-2024절기 어린이 전체 인구 대비 예방접종률,2015-2016절기 65세 이상 남성 인구 수,2015-2016절기 65세 이상 남성 인구 대비 예방접종률,2015-2016절기 65세 이상 여성 인구 수,2015-2016절기 65세 이상 여성 인구 대비 예방접종률,2015-2016절기 65세 이상 전체 인구 수,2015-2016절기 65세 이상 전체 인구 대비 예방접종률,2016-2017절기 65세 이상 남성 인구 수,2016-2017절기 65세 이상 남성 인구 대비 예방접종률,2016-2017절기 65세 이상 여성 인구 수,2016-2017절기 65세 이상 여성 인구 대비 예방접종률,2016-2017절기 65세 이상 전체 인구 수,2016-2017절기 65세 이상 전체 인구 대비 예방접종률,2017-2018절기 65세 이상 남성 인구 수,2017-2018절기 65세 이상 남성 인구 대비 예방접종률,2017-2018절기 65세 이상 여성 인구 수,2017-2018절기 65세 이상 여성 인구 대비 예방접종률,2017-2018절기 65세 이상 전체 인구 수,2017-2018절기 65세 이상 전체 인구 대비 예방접종률,2018-2019절기 65세 이상 남성 인구 수,2018-2019절기 65세 이상 남성 인구 대비 예방접종률,2018-2019절기 65세 이상 여성 인구 수,2018-2019절기 65세 이상 여성 인구 대비 예방접종률,2018-2019절기 65세 이상 전체 인구 수,2018-2019절기 65세 이상 전체 인구 대비 예방접종률,2019-2020절기 65세 이상 남성 인구 수,2019-2020절기 65세 이상 남성 인구 대비 예방접종률,2019-2020절기 65세 이상 여성 인구 수,2019-2020절기 65세 이상 여성 인구 대비 예방접종률,2019-2020절기 65세 이상 전체 인구 수,2019-2020절기 65세 이상 전체 인구 대비 예방접종률,2020-2021절기 65세 이상 남성 인구 수,2020-2021절기 65세 이상 남성 인구 대비 예방접종률,2020-2021절기 65세 이상 여성 인구 수,2020-2021절기 65세 이상 여성 인구 대비 예방접종률,2020-2021절기 65세 이상 전체 인구 수,2020-2021절기 65세 이상 전체 인구 대비 예방접종률,2021-2022절기 65세 이상 남성 인구 수,2021-2022절기 65세 이상 남성 인구 대비 예방접종률,2021-2022절기 65세 이상 여성 인구 수,2021-2022절기 65세 이상 여성 인구 대비 예방접종률,2021-2022절기 65세 이상 전체 인구 수,2021-2022절기 65세 이상 전체 인구 대비 예방접종률,2022-2023절기 65세 이상 남성 인구 수,2022-2023절기 65세 이상 남성 인구 대비 예방접종률,2022-2023절기 65세 이상 여성 인구 수,2022-2023절기 65세 이상 여성 인구 대비 예방접종률,2022-2023절기 65세 이상 전체 인구 수,2022-2023절기 65세 이상 전체 인구 대비 예방접종률,2023-2024절기 65세 이상 남성 인구 수,2023-2024절기 65세 이상 남성 인구 대비 예방접종률,2023-2024절기 65세 이상 여성 인구 수,2023-2024절기 65세 이상 여성 인구 대비 예방접종률,2023-2024절기 65세 이상 전체 인구 수,2023-2024절기 65세 이상 전체 인구 대비 예방접종률,2019-2020절기 임신부 보건소 접종자 수,2020-2021절기 임신부 보건소 접종자 수,2021-2022절기 임신부 보건소 접종자 수,2022-2023절기 임신부 보건소 접종자 수,2023-2024절기 임신부 보건소 접종자 수,2019-2020절기 임신부 의료기관 접종자 수,2020-2021절기 임신부 의료기관 접종자 수,2021-2022절기 임신부 의료기관 접종자 수,2022-2023절기 임신부 의료기관 접종자 수,2023-2024절기 임신부 의료기관 접종자 수,2016-2017절기 어린이 남성 보건소 접종자 수,2016-2017절기 어린이 여성 보건소 접종자 수,2017-2018절기 어린이 남성 보건소 접종자 수,2017-2018절기 어린이 여성 보건소 접종자 수,2018-2019절기 어린이 남성 보건소 접종자 수,2018-2019절기 어린이 여성 보건소 접종자 수,2019-2020절기 어린이 남성 보건소 접종자 수,2019-2020절기 어린이 여성 보건소 접종자 수,2020-2021절기 어린이 남성 보건소 접종자 수,2020-2021절기 어린이 여성 보건소 접종자 수,2021-2022절기 어린이 남성 보건소 접종자 수,2021-2022절기 어린이 여성 보건소 접종자 수,2022-2023절기 어린이 남성 보건소 접종자 수,2022-2023절기 어린이 여성 보건소 접종자 수,2023-2024절기 어린이 남성 보건소 접종자 수,2023-2024절기 어린이 여성 보건소 접종자 수,2015-2016절기 65세 이상 남성 보건소 접종자 수,2015-2016절기 65세 이상 여성 보건소 접종자 수,2016-2017절기 65세 이상 남성 보건소 접종자 수,2016-2017절기 65세 이상 여성 보건소 접종자 수,2016-2017절기 어린이 남성 의료기관 접종자 수,2016-2017절기 어린이 여성 의료기관 접종자 수,2017-2018절기 65세 이상 남성 보건소 접종자 수,2017-2018절기 65세 이상 여성 보건소 접종자 수,2017-2018절기 어린이 남성 의료기관 접종자 수,2017-2018절기 어린이 여성 의료기관 접종자 수,2018-2019절기 65세 이상 남성 보건소 접종자 수,2018-2019절기 65세 이상 여성 보건소 접종자 수,2018-2019절기 어린이 남성 의료기관 접종자 수,2018-2019절기 어린이 여성 의료기관 접종자 수,2019-2020절기 65세 이상 남성 보건소 접종자 수,2019-2020절기 65세 이상 여성 보건소 접종자 수,2019-2020절기 어린이 남성 의료기관 접종자 수,2019-2020절기 어린이 여성 의료기관 접종자 수,2020-2021절기 65세 이상 남성 보건소 접종자 수,2020-2021절기 65세 이상 여성 보건소 접종자 수,2020-2021절기 어린이 남성 의료기관 접종자 수,2020-2021절기 어린이 여성 의료기관 접종자 수,2021-2022절기 65세 이상 남성 보건소 접종자 수,2021-2022절기 65세 이상 여성 보건소 접종자 수,2021-2022절기 어린이 남성 의료기관 접종자 수,2021-2022절기 어린이 여성 의료기관 접종자 수,2022-2023절기 65세 이상 남성 보건소 접종자 수,2022-2023절기 65세 이상 여성 보건소 접종자 수,2022-2023절기 어린이 남성 의료기관 접종자 수,2022-2023절기 어린이 여성 의료기관 접종자 수,2023-2024절기 65세 이상 남성 보건소 접종자 수,2023-2024절기 65세 이상 여성 보건소 접종자 수,2023-2024절기 어린이 남성 의료기관 접종자 수,2023-2024절기 어린이 여성 의료기관 접종자 수,2015-2016절기 65세 이상 남성 의료기관 접종자 수,2015-2016절기 65세 이상 여성 의료기관 접종자 수,2016-2017절기 65세 이상 남성 의료기관 접종자 수,2016-2017절기 65세 이상 여성 의료기관 접종자 수,2017-2018절기 65세 이상 남성 의료기관 접종자 수,2017-2018절기 65세 이상 여성 의료기관 접종자 수,2018-2019절기 65세 이상 남성 의료기관 접종자 수,2018-2019절기 65세 이상 여성 의료기관 접종자 수,2019-2020절기 65세 이상 남성 의료기관 접종자 수,2019-2020절기 65세 이상 여성 의료기관 접종자 수,2020-2021절기 65세 이상 남성 의료기관 접종자 수,2020-2021절기 65세 이상 여성 의료기관 접종자 수,2021-2022절기 65세 이상 남성 의료기관 접종자 수,2021-2022절기 65세 이상 여성 의료기관 접종자 수,2022-2023절기 65세 이상 남성 의료기관 접종자 수,2022-2023절기 65세 이상 여성 의료기관 접종자 수,2023-2024절기 65세 이상 남성 의료기관 접종자 수,2023-2024절기 65세 이상 여성 의료기관 접종자 수
B11: ﻿시도명 | C11: string | D11: 시도 단위의 행정구역 명칭
B12: 2016-2017절기 어린이 남성 인구수 | C12: int | D12: 2016-2017절기 어린이 남성 인구 수 | P12: string,string, int,float,int,float,int,float, int,float,int,float,int,float, int,float,int,float,int,float, int,float,int,float,int,float, int,float,int,float,int,float, int,float,int,float,int,float, int,float,int,float,int,float, int,float,int,float,int,float, int,float,int,float,int,float, int,float,int,float,int,float, int,float,int,float,int,float, int,float,int,float,int,float, int,float,int,float,int,float, int,float,int,float,int,float, int,float,int,float,int,float, int,float,int,float,int,float, int,float,int,float,int,float, int,float,int,float,int,float, int,float,int,float,int,float, int,float,int,float,int,float, int,float,int,float,int,float, int,float,int,float,int,float, int,float,int,float,int,float, int,int,int,int,int, int,int,int,int,int, int,int,int,int,int,int,int,int,int,int,int,int,int,int,int,int, int,int,int,int,int,int,int,int,int,int,int,int,int,int,int,int, int,int,int,int,int,int,int,int,int,int,int,int,int,int,int,int, int,int,int,int,int,int,int,int,int,int,int,int,int,int,int,int, int,int,int,int,int,int,int,int,int,int,int,int,int,int,int,int
B13: 2016-2017절기 어린이 남성 접종률 | C13: float | D13: 2016-2017절기 어린이 남성 인구 대비 예방접종률
B14: 2016-2017절기 어린이 여성 인구수 | C14: int | D14: 2016-2017절기 어린이 여성 인구 수
B15: 2016-2017절기 어린이 여성 접종률 | C15: float | D15: 2016-2017절기 어린이 여성 인구 대비 예방접종률
B16: 2016-2017절기 어린이 전체 인구수 | C16: int | D16: 2016-2017절기 어린이 전체 인구 수
B17: 2016-2017절기 어린이 전체 접종률 | C17: float | D17: 2016-2017절기 어린이 전체 인구 대비 예방접종률
B18: 2017-2018절기 어린이 남성 인구수 | C18: int | D18: 2017-2018절기 어린이 남성 인구 수
B19: 2017-2018절기 어린이 남성 접종률 | C19: float | D19: 2017-2018절기 어린이 남성 인구 대비 예방접종률
B20: 2017-2018절기 어린이 여성 인구수 | C20: int | D20: 2017-2018절기 어린이 여성 인구 수
B21: 2017-2018절기 어린이 여성 접종률 | C21: float | D21: 2017-2018절기 어린이 여성 인구 대비 예방접종률
B22: 2017-2018절기 어린이 전체 인구수 | C22: int | D22: 2017-2018절기 어린이 전체 인구 수
B23: 2017-2018절기 어린이 전체 접종률 | C23: float | D23: 2017-2018절기 어린이 전체 인구 대비 예방접종률
B24: 2018-2019절기 어린이 남성 인구수 | C24: int | D24: 2018-2019절기 어린이 남성 인구 수
... B191: 2023-2024절기 65세 이상 여성 의료기관 접종자수 | C191: int | D191: 2023-2024절기 65세 이상 여성 의료기관 접종자 수
C192: int
C193: int
C194: int
C195: int
C196: int
C197: int
C198: int
C199: int
C200: int
C201: int
C202: int
C203: int
... C239: int

Sheet ds_0701
B3: dsID | C3: ='Dataset Summary'!A25 -> ds_0701
B4: 데이터셋 설명 | C4: ='Dataset Summary'!B25 -> 구글 트렌드
B5: 데이터 갯수 | C5: ='Dataset Summary'!C25 -> 114
B6: label | C6: ='Dataset Summary'!D25 -> 감기,기침,독감,몸살,콧물,﻿time,감기약,A형 독감,타미플루,감기 증상,독감 검사,독감 증상,목 아플 때,독감 예방접종
B9: {=TRANSPOSE(_xlfn.TEXTSPLIT(C6, ","))} -> 감기 | C9: {=TRANSPOSE(_xlfn.TEXTSPLIT(P11, ","))} -> int | D9: {=TRANSPOSE(_xlfn.TEXTSPLIT(P9, ","))} -> 감기 관련 검색 또는 언급 빈도를 나타내는 지표 | P9: 감기 관련 검색 또는 언급 빈도를 나타내는 지표,기침 증상과 관련된 검색 또는 언급 빈도를 나타내는 지표,독감과 관련된 검색 또는 언급 빈도를 나타내는 지표,몸살 증상과 관련된 검색 또는 언급 빈도를 나타내는 지표,콧물 증상과 관련된 검색 또는 언급 빈도를 나타내는 지표,데이터가 수집된 기준 시각 또는 날짜,감기약과 관련된 검색 또는 언급 빈도를 나타내는 지표,A형 독감과 관련된 검색 또는 언급 빈도를 나타내는 지표,항바이러스제 타미플루와 관련된 검색 또는 언급 빈도를 나타내는 지표,감기 증상 전반에 대한 검색 또는 언급 빈도를 나타내는 지표,독감 검사와 관련된 검색 또는 언급 빈도를 나타내는 지표,독감 증상 전반에 대한 검색 또는 언급 빈도를 나타내는 지표,목 통증 증상과 관련된 검색 또는 언급 빈도를 나타내는 지표,독감 예방접종과 관련된 검색 또는 언급 빈도를 나타내는 지표
B10: 기침 | C10: int | D10: 기침 증상과 관련된 검색 또는 언급 빈도를 나타내는 지표
B11: 독감 | C11: int | D11: 독감과 관련된 검색 또는 언급 빈도를 나타내는 지표 | P11: int,int,int,int,int,string,int,int,int,int,int,int,int,int
B12: 몸살 | C12: int | D12: 몸살 증상과 관련된 검색 또는 언급 빈도를 나타내는 지표
B13: 콧물 | C13: int | D13: 콧물 증상과 관련된 검색 또는 언급 빈도를 나타내는 지표
B14: ﻿time | C14: string | D14: 데이터가 수집된 기준 시각 또는 날짜
B15: 감기약 | C15: int | D15: 감기약과 관련된 검색 또는 언급 빈도를 나타내는 지표
B16: A형 독감 | C16: int | D16: A형 독감과 관련된 검색 또는 언급 빈도를 나타내는 지표
B17: 타미플루 | C17: int | D17: 항바이러스제 타미플루와 관련된 검색 또는 언급 빈도를 나타내는 지표
B18: 감기 증상 | C18: int | D18: 감기 증상 전반에 대한 검색 또는 언급 빈도를 나타내는 지표
B19: 독감 검사 | C19: int | D19: 독감 검사와 관련된 검색 또는 언급 빈도를 나타내는 지표
B20: 독감 증상 | C20: int | D20: 독감 증상 전반에 대한 검색 또는 언급 빈도를 나타내는 지표
B21: 목 아플 때 | C21: int | D21: 목 통증 증상과 관련된 검색 또는 언급 빈도를 나타내는 지표
B22: 독감 예방접종 | C22: int | D22: 독감 예방접종과 관련된 검색 또는 언급 빈도를 나타내는 지표

Sheet ds_0801
B4: dsID | C4: ='Dataset Summary'!A26 -> ds_0801
B5: 데이터셋 설명 | C5: ='Dataset Summary'!B26 -> 네이버 트렌드
B6: 데이터 갯수 | C6: ='Dataset Summary'!C26 -> 118
B7: label | C7: ='Dataset Summary'!D26 -> 감기,기침,독감,몸살,콧물,﻿time,감기약,A형 독감,타미플루,감기 증상,독감 검사,독감 증상,목 아플 때,독감 예방접종
B10: {=TRANSPOSE(_xlfn.TEXTSPLIT(C7, ","))} -> 감기 | C10: {=TRANSPOSE(_xlfn.TEXTSPLIT(P12, ","))} -> int | D10: {=TRANSPOSE(_xlfn.TEXTSPLIT(P10, ","))} -> 감기와 관련된 검색 또는 언급 빈도를 나타내는 지표 | P10: 감기와 관련된 검색 또는 언급 빈도를 나타내는 지표,기침 증상과 관련된 검색 또는 언급 빈도를 나타내는 지표,독감과 관련된 검색 또는 언급 빈도를 나타내는 지표,몸살 증상과 관련된 검색 또는 언급 빈도를 나타내는 지표,콧물 증상과 관련된 검색 또는 언급 빈도를 나타내는 지표,데이터가 수집된 기준 시각 또는 날짜,감기약과 관련된 검색 또는 언급 빈도를 나타내는 지표,A형 독감과 관련된 검색 또는 언급 빈도를 나타내는 지표,항바이러스제 타미플루와 관련된 검색 또는 언급 빈도를 나타내는 지표,감기 증상 전반에 대한 검색 또는 언급 빈도를 나타내는 지표,독감 검사와 관련된 검색 또는 언급 빈도를 나타내는 지표,독감 증상 전반에 대한 검색 또는 언급 빈도를 나타내는 지표,목 통증 증상과 관련된 검색 또는 언급 빈도를 나타내는 지표,독감 예방접종과 관련된 검색 또는 언급 빈도를 나타내는 지표
B11: 기침 | C11: int | D11: 기침 증상과 관련된 검색 또는 언급 빈도를 나타내는 지표
B12: 독감 | C12: int | D12: 독감과 관련된 검색 또는 언급 빈도를 나타내는 지표 | P12: int,int,int,int,int,string,int,int,int,int,int,int,int,int
B13: 몸살 | C13: int | D13: 몸살 증상과 관련된 검색 또는 언급 빈도를 나타내는 지표
B14: 콧물 | C14: int | D14: 콧물 증상과 관련된 검색 또는 언급 빈도를 나타내는 지표
B15: ﻿time | C15: string | D15: 데이터가 수집된 기준 시각 또는 날짜
B16: 감기약 | C16: int | D16: 감기약과 관련된 검색 또는 언급 빈도를 나타내는 지표
B17: A형 독감 | C17: int | D17: A형 독감과 관련된 검색 또는 언급 빈도를 나타내는 지표
B18: 타미플루 | C18: int | D18: 항바이러스제 타미플루와 관련된 검색 또는 언급 빈도를 나타내는 지표
B19: 감기 증상 | C19: int | D19: 감기 증상 전반에 대한 검색 또는 언급 빈도를 나타내는 지표
B20: 독감 검사 | C20: int | D20: 독감 검사와 관련된 검색 또는 언급 빈도를 나타내는 지표
B21: 독감 증상 | C21: int | D21: 독감 증상 전반에 대한 검색 또는 언급 빈도를 나타내는 지표
B22: 목 아플 때 | C22: int | D22: 목 통증 증상과 관련된 검색 또는 언급 빈도를 나타내는 지표
B23: 독감 예방접종 | C23: int | D23: 독감 예방접종과 관련된 검색 또는 언급 빈도를 나타내는 지표

Sheet ds_0901
B3: dsID | C3: ='Dataset Summary'!A27 -> ds_0901
B4: 데이터셋 설명 | C4: ='Dataset Summary'!B27 -> X(트위터) 트렌드
B5: 데이터 갯수 | C5: ='Dataset Summary'!C27 -> 309
B6: label | C6: ='Dataset Summary'!D27 -> count,﻿day,keyword
B9: {=TRANSPOSE(_xlfn.TEXTSPLIT(C6, ","))} -> count | C9: Int | D9: 업로드 횟수
B10: ﻿day | C10: Int | D10: 날짜
B11: keyword | C11: String | D11: 키워드
